Workbook

Sheet 設定
A1: 項目 | B1: 値
A2: クライアント | B2: アジャイルビジネスインスティテュート様
A3: グロス係数(ネット→グロス) | B3: 1.25
A4: Hayabusa promotion_id | B4: 17

Sheet サマリー
A1: 広告配信レポート サマリー(2026/9/1〜2026/10/1)
A3: 媒体 | B3: 表示回数 | C3: クリック数 | D3: クリック率 | E3: クリック単価 | F3: コスト(ネット) | G3: コスト(グロス) | H3: 媒体CV | I3: 媒体CVR | J3: 媒体CPA | K3: GACV | L3: 想定売上 | M3: ROAS
A4: Google | B4: =SUMIF(日別レポート!$C$4:$C$65,$A4,日別レポート!D$4:D$65) | C4: =SUMIF(日別レポート!$C$4:$C$65,$A4,日別レポート!E$4:E$65) | D4: =C4/B4 | E4: =F4/C4 | F4: =SUMIF(日別レポート!$C$4:$C$65,$A4,日別レポート!H$4:H$65) | G4: =SUMIF(日別レポート!$C$4:$C$65,$A4,日別レポート!I$4:I$65) | H4: =SUMIF(日別レポート!$C$4:$C$65,$A4,日別レポート!J$4:J$65) | I4: =H4/C4 | J4: =IFERROR(G4/H4,"-") | K4: =SUMIF(日別レポート!$C$4:$C$65,$A4,日別レポート!M$4:M$65) | L4: =SUMIF(日別レポート!$C$4:$C$65,$A4,日別レポート!P$4:P$65) | M4: =IFERROR(L4/G4,"-")
A5: Yahoo検索 | B5: =SUMIF(日別レポート!$C$4:$C$65,$A5,日別レポート!D$4:D$65) | C5: =SUMIF(日別レポート!$C$4:$C$65,$A5,日別レポート!E$4:E$65) | D5: =C5/B5 | E5: =F5/C5 | F5: =SUMIF(日別レポート!$C$4:$C$65,$A5,日別レポート!H$4:H$65) | G5: =SUMIF(日別レポート!$C$4:$C$65,$A5,日別レポート!I$4:I$65) | H5: =SUMIF(日別レポート!$C$4:$C$65,$A5,日別レポート!J$4:J$65) | I5: =H5/C5 | J5: =IFERROR(G5/H5,"-") | K5: =SUMIF(日別レポート!$C$4:$C$65,$A5,日別レポート!M$4:M$65) | L5: =SUMIF(日別レポート!$C$4:$C$65,$A5,日別レポート!P$4:P$65) | M5: =IFERROR(L5/G5,"-")
A6: 合計 | B6: =SUM(B4:B5) | C6: =SUM(C4:C5) | D6: =C6/B6 | E6: =F6/C6 | F6: =SUM(F4:F5) | G6: =SUM(G4:G5) | H6: =SUM(H4:H5) | I6: =H6/C6 | J6: =G6/H6 | K6: =SUM(K4:K5) | L6: =SUM(L4:L5) | M6: =L6/G6

Sheet 日別レポート
A1: アジャイルビジネスインスティテュート様 広告配信 日別レポート(2026年9月〜2026年10月1日)
A3: 日付 | B3: 曜日 | C3: 媒体 | D3: 表示回数 | E3: クリック数 | F3: クリック率 | G3: クリック単価 | H3: コスト(ネット) | I3: コスト(グロス) | J3: 媒体CV | K3: 媒体CVR | L3: 媒体CPA | M3: GACV | N3: GACVR | O3: GACPA | P3: 想定売上(GA購入収益) | Q3: ROAS
A4: 46266 | B4: 火 | C4: Google | D4: 21414 | E4: 263 | F4: =IFERROR(E4/D4,0) | G4: =IFERROR(H4/E4,0) | H4: 26733.49 | I4: =H4*設定!$B$3 | J4: 7.6 | K4: =IFERROR(J4/E4,0) | L4: =IFERROR(I4/J4,"-") | M4: 2 | N4: =IFERROR(M4/E4,0) | O4: =IFERROR(I4/M4,"-") | P4: 418000 | Q4: =IFERROR(P4/I4,"-")
A5: 46266 | B5: 火 | C5: Yahoo検索 | D5: 1127 | E5: 34 | F5: =IFERROR(E5/D5,0) | G5: =IFERROR(H5/E5,0) | H5: 2425.5 | I5: =H5*設定!$B$3 | J5: 0 | K5: =IFERROR(J5/E5,0) | L5: =IFERROR(I5/J5,"-") | M5: 0 | N5: =IFERROR(M5/E5,0) | O5: =IFERROR(I5/M5,"-") | P5: 0 | Q5: =IFERROR(P5/I5,"-")
A6: 46267 | B6: 水 | C6: Google | D6: 12320 | E6: 225 | F6: =IFERROR(E6/D6,0) | G6: =IFERROR(H6/E6,0) | H6: 22290.96 | I6: =H6*設定!$B$3 | J6: 35 | K6: =IFERROR(J6/E6,0) | L6: =IFERROR(I6/J6,"-") | M6: 2 | N6: =IFERROR(M6/E6,0) | O6: =IFERROR(I6/M6,"-") | P6: 418000 | Q6: =IFERROR(P6/I6,"-")
A7: 46267 | B7: 水 | C7: Yahoo検索 | D7: 942 | E7: 41 | F7: =IFERROR(E7/D7,0) | G7: =IFERROR(H7/E7,0) | H7: 3098.7 | I7: =H7*設定!$B$3 | J7: 0 | K7: =IFERROR(J7/E7,0) | L7: =IFERROR(I7/J7,"-") | M7: 0 | N7: =IFERROR(M7/E7,0) | O7: =IFERROR(I7/M7,"-") | P7: 0 | Q7: =IFERROR(P7/I7,"-")
A8: 46268 | B8: 木 | C8: Google | D8: 23238 | E8: 360 | F8: =IFERROR(E8/D8,0) | G8: =IFERROR(H8/E8,0) | H8: 27313.15 | I8: =H8*設定!$B$3 | J8: 61.08 | K8: =IFERROR(J8/E8,0) | L8: =IFERROR(I8/J8,"-") | M8: 0 | N8: =IFERROR(M8/E8,0) | O8: =IFERROR(I8/M8,"-") | P8: 0 | Q8: =IFERROR(P8/I8,"-")
A9: 46268 | B9: 木 | C9: Yahoo検索 | D9: 1045 | E9: 49 | F9: =IFERROR(E9/D9,0) | G9: =IFERROR(H9/E9,0) | H9: 4023.8 | I9: =H9*設定!$B$3 | J9: 0 | K9: =IFERROR(J9/E9,0) | L9: =IFERROR(I9/J9,"-") | M9: 0 | N9: =IFERROR(M9/E9,0) | O9: =IFERROR(I9/M9,"-") | P9: 0 | Q9: =IFERROR(P9/I9,"-")
A10: 46269 | B10: 金 | C10: Google | D10: 18450 | E10: 280 | F10: =IFERROR(E10/D10,0) | G10: =IFERROR(H10/E10,0) | H10: 22154.29 | I10: =H10*設定!$B$3 | J10: 61 | K10: =IFERROR(J10/E10,0) | L10: =IFERROR(I10/J10,"-") | M10: 0 | N10: =IFERROR(M10/E10,0) | O10: =IFERROR(I10/M10,"-") | P10: 0 | Q10: =IFERROR(P10/I10,"-")
A11: 46269 | B11: 金 | C11: Yahoo検索 | D11: 1111 | E11: 60 | F11: =IFERROR(E11/D11,0) | G11: =IFERROR(H11/E11,0) | H11: 3642.1 | I11: =H11*設定!$B$3 | J11: 0 | K11: =IFERROR(J11/E11,0) | L11: =IFERROR(I11/J11,"-") | M11: 0 | N11: =IFERROR(M11/E11,0) | O11: =IFERROR(I11/M11,"-") | P11: 0 | Q11: =IFERROR(P11/I11,"-")
A12: 46270 | B12: 土 | C12: Google | D12: 11036 | E12: 302 | F12: =IFERROR(E12/D12,0) | G12: =IFERROR(H12/E12,0) | H12: 14109.47 | I12: =H12*設定!$B$3 | J12: 70 | K12: =IFERROR(J12/E12,0) | L12: =IFERROR(I12/J12,"-") | M12: 0 | N12: =IFERROR(M12/E12,0) | O12: =IFERROR(I12/M12,"-") | P12: 0 | Q12: =IFERROR(P12/I12,"-")
A13: 46270 | B13: 土 | C13: Yahoo検索 | D13: 348 | E13: 13 | F13: =IFERROR(E13/D13,0) | G13: =IFERROR(H13/E13,0) | H13: 1071.4 | I13: =H13*設定!$B$3 | J13: 0 | K13: =IFERROR(J13/E13,0) | L13: =IFERROR(I13/J13,"-") | M13: 0 | N13: =IFERROR(M13/E13,0) | O13: =IFERROR(I13/M13,"-") | P13: 0 | Q13: =IFERROR(P13/I13,"-")
A14: 46271 | B14: 日 | C14: Google | D14: 10479 | E14: 337 | F14: =IFERROR(E14/D14,0) | G14: =IFERROR(H14/E14,0) | H14: 23795.64 | I14: =H14*設定!$B$3 | J14: 75 | K14: =IFERROR(J14/E14,0) | L14: =IFERROR(I14/J14,"-") | M14: 0 | N14: =IFERROR(M14/E14,0) | O14: =IFERROR(I14/M14,"-") | P14: 0 | Q14: =IFERROR(P14/I14,"-")
A15: 46271 | B15: 日 | C15: Yahoo検索 | D15: 566 | E15: 13 | F15: =IFERROR(E15/D15,0) | G15: =IFERROR(H15/E15,0) | H15: 991.1 | I15: =H15*設定!$B$3 | J15: 0 | K15: =IFERROR(J15/E15,0) | L15: =IFERROR(I15/J15,"-") | M15: 0 | N15: =IFERROR(M15/E15,0) | O15: =IFERROR(I15/M15,"-") | P15: 0 | Q15: =IFERROR(P15/I15,"-")
... A65: 46296 | B65: 木 | C65: Yahoo検索 | D65: 1198 | E65: 59 | F65: =IFERROR(E65/D65,0) | G65: =IFERROR(H65/E65,0) | H65: 3459.5 | I65: =H65*設定!$B$3 | J65: 0 | K65: =IFERROR(J65/E65,0) | L65: =IFERROR(I65/J65,"-") | M65: 0 | N65: =IFERROR(M65/E65,0) | O65: =IFERROR(I65/M65,"-") | P65: 0 | Q65: =IFERROR(P65/I65,"-")
A66: 合計 | D66: =SUM(D4:D65) | E66: =SUM(E4:E65) | F66: =E66/D66 | G66: =H66/E66 | H66: =SUM(H4:H65) | I66: =SUM(I4:I65) | J66: =SUM(J4:J65) | K66: =J66/E66 | L66: =I66/J66 | M66: =SUM(M4:M65) | N66: =M66/E66 | O66: =I66/M66 | P66: =SUM(P4:P65) | Q66: =P66/I66
